2theta,Intensity
25,13
25.01,7
25.02,12
25.03,6
25.04,3
25.05,10
25.06,5
25.07,5
25.08,7
25.09,14
25.1,6
25.11,9
25.12,6
25.13,10
25.14,11
25.15,12
25.16,8
25.17,9
25.18,9
25.19,5
25.2,5
25.21,8
25.22,8
25.23,9
25.24,11
25.25,10
25.26,8
25.27,9
25.28,9
25.29,12
25.3,13
25.31,6
25.32,7
25.33,12
25.34,7
25.35,6
25.36,9
25.37,7
25.38,11
25.39,10
25.4,4
25.41,6
25.42,9
25.43,10
25.44,8
25.45,11
25.46,8
25.47,5
25.48,5
25.49,5
25.5,11
25.51,8
25.52,9
25.53,12
25.54,14
25.55,13
25.56,13
25.57,9
25.58,7
25.59,14
25.6,13
25.61,13
25.62,11
25.63,9
25.64,15
25.65,10
25.66,6
25.67,4
25.68,10
25.69,6
25.7,14
25.71,9
25.72,11
25.73,7
25.74,10
25.75,9
25.76,10
25.77,11
25.78,11
25.79,7
25.8,5
25.81,5
25.82,7
25.83,7
25.84,5
25.85,7
25.86,5
25.87,10
25.88,10
25.89,5
25.9,5
25.91,5
25.92,6
25.93,14
25.94,15
25.95,9
25.96,15
25.97,11
25.98,12
25.99,10
26,11
26.01,8
26.02,9
26.03,9
26.04,10
26.05,8
26.06,3
26.07,4
26.08,6
26.09,7
26.1,9
26.11,7
26.12,11
26.13,7
26.14,16
26.15,18
26.16,7
26.17,5
26.18,13
26.19,6
26.2,8
26.21,7
26.22,6
26.23,7
26.24,9
26.25,5
26.26,6
26.27,9
26.28,8
26.29,14
26.3,11
26.31,9
26.32,12
26.33,6
26.34,9
26.35,11
26.36,6
26.37,4
26.38,6
26.39,10
26.4,7
26.41,6
26.42,7
26.43,7
26.44,6
26.45,8
26.46,10
26.47,7
26.48,6
26.49,12
26.5,11
26.51,8
26.52,8
26.53,8
26.54,11
26.55,6
26.56,5
26.57,5
26.58,3
26.59,5
26.6,7
26.61,6
26.62,5
26.63,2
26.64,6
26.65,9
26.66,9
26.67,11
26.68,5
26.69,6
26.7,7
26.71,10
26.72,8
26.73,5
26.74,8
26.75,10
26.76,9
26.77,8
26.78,9
26.79,8
26.8,7
26.81,9
26.82,10
26.83,8
26.84,6
26.85,5
26.86,7
26.87,9
26.88,7
26.89,10
26.9,14
26.91,3
26.92,7
26.93,7
26.94,11
26.95,7
26.96,8
26.97,6
26.98,9
26.99,6
27,5
27.01,5
27.02,5
27.03,6
27.04,7
27.05,7
27.06,8
27.07,9
27.08,6
27.09,11
27.1,5
27.11,5
27.12,11
27.13,7
27.14,11
27.15,9
27.16,10
27.17,8
27.18,10
27.19,12
27.2,14
27.21,5
27.22,12
27.23,17
27.24,12
27.25,7
27.26,9
27.27,14
27.28,10
27.29,9
27.3,9
27.31,14
27.32,9
27.33,13
27.34,14
27.35,11
27.36,12
27.37,8
27.38,7
27.39,12
27.4,19
27.41,18
27.42,11
27.43,13
27.44,10
27.45,15
27.46,9
27.47,14
27.48,24
27.49,16
27.5,13
27.51,18
27.52,20
27.53,21
27.54,14
27.55,10
27.56,14
27.57,10
27.58,17
27.59,15
27.6,12
27.61,13
27.62,21
27.63,23
27.64,14
27.65,13
27.66,20
27.67,21
27.68,16
27.69,18
27.7,17
27.71,19
27.72,13
27.73,20
27.74,10
27.75,17
27.76,19
27.77,17
27.78,21
27.79,23
27.8,24
27.81,20
27.82,22
27.83,21
27.84,20
27.85,24
27.86,19
27.87,24
27.88,13
27.89,21
27.9,16
27.91,13
27.92,24
27.93,29
27.94,30
27.95,24
27.96,23
27.97,30
27.98,24
27.99,27
28,23
28.01,24
28.02,26
28.03,32
28.04,33
28.05,27
28.06,31
28.07,36
28.08,30
28.09,42
28.1,36
28.11,42
28.12,38
28.13,48
28.14,40
28.15,62
28.16,52
28.17,59
28.18,64
28.19,64
28.2,65
28.21,75
28.22,88
28.23,108
28.24,120
28.25,135
28.26,144
28.27,179
28.28,238
28.29,261
28.3,328
28.31,418
28.32,540
28.33,764
28.34,1086
28.35,1508
28.36,2114
28.37,2724
28.38,3578
28.39,4294
28.4,4551
28.41,3985
28.42,3109
28.43,2382
28.44,2114
28.45,2162
28.46,2282
28.47,2366
28.48,2100
28.49,1597
28.5,1060
28.51,661
28.52,478
28.53,351
28.54,255
28.55,202
28.56,166
28.57,142
28.58,133
28.59,108
28.6,101
28.61,82
28.62,70
28.63,64
28.64,55
28.65,54
28.66,42
28.67,43
28.68,46
28.69,39
28.7,41
28.71,39
28.72,37
28.73,25
28.74,22
28.75,32
28.76,31
28.77,19
28.78,31
28.79,30
28.8,28
28.81,22
28.82,29
28.83,26
28.84,21
28.85,33
28.86,22
28.87,23
28.88,27
28.89,18
28.9,19
28.91,16
28.92,17
28.93,11
28.94,16
28.95,13
28.96,22
28.97,11
28.98,14
28.99,20
29,16
29.01,12
29.02,13
29.03,13
29.04,12
29.05,12
29.06,10
29.07,17
29.08,7
29.09,7
29.1,11
29.11,13
29.12,10
29.13,14
29.14,15
29.15,10
29.16,13
29.17,5
29.18,13
29.19,12
29.2,7
29.21,12
29.22,7
29.23,8
29.24,4
29.25,10
29.26,4
29.27,8
29.28,9
29.29,12
29.3,9
29.31,10
29.32,11
29.33,9
29.34,4
29.35,7
29.36,9
29.37,7
29.38,11
29.39,12
29.4,7
29.41,12
29.42,9
29.43,6
29.44,10
29.45,9
29.46,4
29.47,4
29.48,4
29.49,11
29.5,9
29.51,6
29.52,5
29.53,7
29.54,14
29.55,7
29.56,8
29.57,7
29.58,5
29.59,10
29.6,8
29.61,5
29.62,6
29.63,10
29.64,4
29.65,5
29.66,13
29.67,5
29.68,7
29.69,5
29.7,8
29.71,5
29.72,8
29.73,10
29.74,5
29.75,4
29.76,5
29.77,7
29.78,5
29.79,11
29.8,8
29.81,9
29.82,9
29.83,5
29.84,5
29.85,11
29.86,10
29.87,3
29.88,6
29.89,2
29.9,2
29.91,5
29.92,5
29.93,6
29.94,6
29.95,12
29.96,7
29.97,7
29.98,14
29.99,7
30,3
30.01,7
30.02,7
30.03,4
30.04,6
30.05,9
30.06,5
30.07,8
30.08,5
30.09,5
30.1,10
30.11,7
30.12,8
30.13,8
30.14,8
30.15,9
30.16,7
30.17,9
30.18,8
30.19,6
30.2,3
30.21,5
30.22,4
30.23,6
30.24,1
30.25,7
30.26,3
30.27,4
30.28,6
30.29,2
30.3,7
30.31,4
30.32,4
30.33,6
30.34,8
30.35,5
30.36,4
30.37,6
30.38,6
30.39,6
30.4,5
30.41,2
30.42,6
30.43,5
30.44,8
30.45,4
30.46,6
30.47,5
30.48,5
30.49,4
30.5,11
30.51,5
30.52,3
30.53,3
30.54,6
30.55,6
30.56,5
30.57,1
30.58,3
30.59,13
30.6,8
30.61,7
30.62,7
30.63,3
30.64,5
30.65,6
30.66,1
30.67,4
30.68,2
30.69,7
30.7,4
30.71,4
30.72,5
30.73,2
30.74,6
30.75,3
30.76,5
30.77,3
30.78,8
30.79,6
30.8,4
30.81,8
30.82,3
30.83,9
30.84,7
30.85,2
30.86,5
30.87,4
30.88,2
30.89,8
30.9,9
30.91,7
30.92,4
30.93,6
30.94,6
30.95,3
30.96,3
30.97,7
30.98,5
30.99,4
31,8
31.01,4
31.02,6
31.03,3
31.04,3
31.05,8
31.06,5
31.07,7
31.08,11
31.09,6
31.1,9
31.11,4
31.12,4
31.13,5
31.14,3
31.15,6
31.16,7
31.17,5
31.18,7
31.19,3
31.2,4
31.21,3
31.22,4
31.23,5
31.24,4
31.25,8
31.26,5
31.27,1
31.28,2
31.29,7
31.3,9
31.31,4
31.32,5
31.33,4
31.34,5
31.35,9
31.36,5
31.37,7
31.38,1
31.39,5
31.4,6
31.41,2
31.42,5
31.43,7
31.44,6
31.45,4
31.46,9
31.47,6
31.48,4
31.49,6
31.5,6
31.51,7
31.52,11
31.53,3
31.54,4
31.55,4
31.56,2
31.57,7
31.58,10
31.59,7
31.6,6
31.61,8
31.62,3
31.63,6
31.64,7
31.65,5
31.66,4
31.67,5
31.68,6
31.69,8
31.7,6
31.71,3
31.72,6
31.73,2
31.74,4
31.75,11
31.76,6
31.77,4
31.78,4
31.79,9
31.8,7
31.81,5
31.82,11
31.83,3
31.84,7
31.85,3
31.86,5
31.87,7
31.88,7
31.89,8
31.9,4
31.91,5
31.92,5
31.93,7
31.94,4
31.95,3
31.96,4
31.97,9
31.98,7
31.99,8
32,7
32.01,9
32.02,5
32.03,5
32.04,5
32.05,6
32.06,5
32.07,5
32.08,6
32.09,7
32.1,4
32.11,3
32.12,8
32.13,6
32.14,4
32.15,6
32.16,8
32.17,5
32.18,6
32.19,3
32.2,5
32.21,3
32.22,7
32.23,2
32.24,4
32.25,6
32.26,2
32.27,6
32.28,10
32.29,6
32.3,5
32.31,5
32.32,7
32.33,9
32.34,1
32.35,7
32.36,4
32.37,3
32.38,2
32.39,7
32.4,9
32.41,6
32.42,1
32.43,5
32.44,4
32.45,1
32.46,6
32.47,6
32.48,7
32.49,3
32.5,4
32.51,4
32.52,5
32.53,10
32.54,6
32.55,3
32.56,3
32.57,5
32.58,5
32.59,6
32.6,7
32.61,7
32.62,5
32.63,2
32.64,6
32.65,6
32.66,4
32.67,2
32.68,7
32.69,4
32.7,6
32.71,5
32.72,3
32.73,1
32.74,5
32.75,2
32.76,2
32.77,3
32.78,4
32.79,3
32.8,4
32.81,8
32.82,6
32.83,9
32.84,5
32.85,3
32.86,2
32.87,8
32.88,8
32.89,5
32.9,3
32.91,4
32.92,7
32.93,5
32.94,5
32.95,4
32.96,4
32.97,0
32.98,5
32.99,6
33,4
33.01,8
33.02,7
33.03,6
33.04,4
33.05,2
33.06,3
33.07,5
33.08,7
33.09,2
33.1,6
33.11,1
33.12,6
33.13,6
33.14,5
33.15,2
33.16,3
33.17,3
33.18,7
33.19,8
33.2,4
33.21,3
33.22,2
33.23,6
33.24,4
33.25,6
33.26,2
33.27,4
33.28,8
33.29,5
33.3,4
33.31,7
33.32,4
33.33,5
33.34,5
33.35,2
33.36,8
33.37,2
33.38,2
33.39,6
33.4,3
33.41,1
33.42,5
33.43,5
33.44,4
33.45,3
33.46,1
33.47,3
33.48,6
33.49,4
33.5,4
33.51,7
33.52,6
33.53,1
33.54,2
33.55,5
33.56,2
33.57,2
33.58,7
33.59,3
33.6,9
33.61,6
33.62,3
33.63,7
33.64,2
33.65,5
33.66,3
33.67,3
33.68,2
33.69,4
33.7,5
33.71,4
33.72,7
33.73,4
33.74,7
33.75,5
33.76,1
33.77,3
33.78,2
33.79,9
33.8,3
33.81,6
33.82,5
33.83,2
33.84,3
33.85,2
33.86,3
33.87,5
33.88,4
33.89,6
33.9,4
33.91,3
33.92,2
33.93,6
33.94,2
33.95,2
33.96,7
33.97,5
33.98,4
33.99,2
34,3
34.01,1
34.02,4
34.03,4
34.04,5
34.05,7
34.06,4
34.07,2
34.08,4
34.09,3
34.1,3
34.11,2
34.12,4
34.13,2
34.14,8
34.15,7
34.16,2
34.17,5
34.18,2
34.19,1
34.2,2
34.21,5
34.22,3
34.23,4
34.24,2
34.25,2
34.26,2
34.27,2
34.28,3
34.29,4
34.3,5
34.31,3
34.32,5
34.33,4
34.34,3
34.35,11
34.36,5
34.37,2
34.38,3
34.39,5
34.4,7
34.41,3
34.42,6
34.43,3
34.44,4
34.45,2
34.46,6
34.47,3
34.48,5
34.49,3
34.5,5
34.51,7
34.52,8
34.53,3
34.54,1
34.55,4
34.56,7
34.57,6
34.58,5
34.59,3
34.6,5
34.61,5
34.62,1
34.63,6
34.64,4
34.65,5
34.66,5
34.67,6
34.68,3
34.69,2
34.7,4
34.71,5
34.72,3
34.73,1
34.74,2
34.75,3
34.76,4
34.77,1
34.78,1
34.79,2
34.8,2
34.81,1
34.82,4
34.83,5
34.84,4
34.85,2
34.86,0
34.87,2
34.88,2
34.89,5
34.9,3
34.91,2
34.92,1
34.93,0
34.94,1
34.95,2
34.96,1
34.97,3
34.98,3
34.99,2
35,3
35.01,4
35.02,4
35.03,9
35.04,8
35.05,2
35.06,4
35.07,3
35.08,0
35.09,4
35.1,3
35.11,1
35.12,6
35.13,4
35.14,4
35.15,6
35.16,1
35.17,3
35.18,4
35.19,6
35.2,2
35.21,3
35.22,3
35.23,5
35.24,3
35.25,3
35.26,7
35.27,5
35.28,4
35.29,3
35.3,4
35.31,2
35.32,4
35.33,4
35.34,4
35.35,3
35.36,3
35.37,3
35.38,1
35.39,4
35.4,1
35.41,1
35.42,4
35.43,3
35.44,3
35.45,1
35.46,1
35.47,5
35.48,2
35.49,5
35.5,2
35.51,9
35.52,3
35.53,4
35.54,2
35.55,3
35.56,2
35.57,5
35.58,4
35.59,2
35.6,4
35.61,5
35.62,5
35.63,2
35.64,4
35.65,2
35.66,3
35.67,5
35.68,9
35.69,4
35.7,7
35.71,2
35.72,4
35.73,4
35.74,6
35.75,2
35.76,3
35.77,4
35.78,1
35.79,5
35.8,4
35.81,7
35.82,4
35.83,3
35.84,6
35.85,5
35.86,3
35.87,5
35.88,7
35.89,5
35.9,5
35.91,0
35.92,3
35.93,2
35.94,4
35.95,3
35.96,4
35.97,1
35.98,3
35.99,7
36,4
36.01,5
36.02,3
36.03,3
36.04,4
36.05,1
36.06,3
36.07,0
36.08,6
36.09,5
36.1,4
36.11,3
36.12,2
36.13,2
36.14,4
36.15,5
36.16,5
36.17,4
36.18,4
36.19,3
36.2,0
36.21,5
36.22,2
36.23,5
36.24,5
36.25,4
36.26,6
36.27,2
36.28,5
36.29,6
36.3,8
36.31,6
36.32,4
36.33,2
36.34,5
36.35,3
36.36,2
36.37,5
36.38,2
36.39,2
36.4,5
36.41,2
36.42,3
36.43,10
36.44,1
36.45,3
36.46,2
36.47,2
36.48,5
36.49,4
36.5,8
36.51,5
36.52,2
36.53,4
36.54,5
36.55,2
36.56,2
36.57,2
36.58,2
36.59,3
36.6,5
36.61,7
36.62,8
36.63,5
36.64,3
36.65,6
36.66,9
36.67,6
36.68,6
36.69,4
36.7,4
36.71,9
36.72,5
36.73,4
36.74,4
36.75,6
36.76,8
36.77,2
36.78,4
36.79,5
36.8,1
36.81,6
36.82,3
36.83,5
36.84,6
36.85,5
36.86,8
36.87,2
36.88,7
36.89,5
36.9,3
36.91,2
36.92,7
36.93,7
36.94,3
36.95,5
36.96,4
36.97,3
36.98,3
36.99,4
37,4
37.01,4
37.02,5
37.03,3
37.04,3
37.05,3
37.06,4
37.07,7
37.08,6
37.09,5
37.1,5
37.11,7
37.12,2
37.13,4
37.14,3
37.15,2
37.16,0
37.17,2
37.18,3
37.19,8
37.2,3
37.21,2
37.22,4
37.23,5
37.24,6
37.25,6
37.26,3
37.27,4
37.28,2
37.29,3
37.3,8
37.31,5
37.32,3
37.33,2
37.34,2
37.35,2
37.36,3
37.37,2
37.38,7
37.39,3
37.4,2
37.41,5
37.42,4
37.43,3
37.44,6
37.45,3
37.46,3
37.47,3
37.48,5
37.49,4
37.5,1
37.51,4
37.52,5
37.53,3
37.54,4
37.55,5
37.56,4
37.57,5
37.58,3
37.59,8
37.6,5
37.61,4
37.62,6
37.63,4
37.64,4
37.65,5
37.66,2
37.67,4
37.68,2
37.69,3
37.7,3
37.71,2
37.72,4
37.73,4
37.74,3
37.75,1
37.76,4
37.77,2
37.78,1
37.79,3
37.8,5
37.81,1
37.82,2
37.83,4
37.84,3
37.85,5
37.86,8
37.87,5
37.88,2
37.89,4
37.9,6
37.91,3
37.92,2
37.93,5
37.94,1
37.95,3
37.96,3
37.97,6
37.98,2
37.99,4
38,5
38.01,2
38.02,2
38.03,5
38.04,4
38.05,4
38.06,3
38.07,5
38.08,2
38.09,0
38.1,1
38.11,2
38.12,2
38.13,2
38.14,3
38.15,4
38.16,2
38.17,4
38.18,3
38.19,6
38.2,5
38.21,4
38.22,4
38.23,5
38.24,1
38.25,2
38.26,2
38.27,3
38.28,4
38.29,3
38.3,3
38.31,7
38.32,4
38.33,3
38.34,3
38.35,7
38.36,5
38.37,5
38.38,3
38.39,5
38.4,3
38.41,3
38.42,7
38.43,3
38.44,6
38.45,4
38.46,4
38.47,2
38.48,5
38.49,3
38.5,3
38.51,3
38.52,3
38.53,1
38.54,2
38.55,1
38.56,6
38.57,6
38.58,5
38.59,1
38.6,3
38.61,2
38.62,3
38.63,4
38.64,2
38.65,1
38.66,4
38.67,4
38.68,1
38.69,4
38.7,6
38.71,4
38.72,5
38.73,4
38.74,4
38.75,1
38.76,4
38.77,4
38.78,4
38.79,4
38.8,2
38.81,2
38.82,4
38.83,4
38.84,5
38.85,2
38.86,1
38.87,1
38.88,3
38.89,3
38.9,3
38.91,4
38.92,6
38.93,2
38.94,4
38.95,6
38.96,7
38.97,5
38.98,2
38.99,5
39,5
39.01,3
39.02,3
39.03,6
39.04,4
39.05,7
39.06,9
39.07,5
39.08,6
39.09,5
39.1,2
39.11,3
39.12,4
39.13,5
39.14,5
39.15,3
39.16,2
39.17,6
39.18,3
39.19,1
39.2,3
39.21,6
39.22,3
39.23,3
39.24,2
39.25,2
39.26,2
39.27,3
39.28,9
39.29,5
39.3,3
39.31,7
39.32,1
39.33,4
39.34,6
39.35,2
39.36,0
39.37,4
39.38,3
39.39,6
39.4,1
39.41,7
39.42,6
39.43,5
39.44,3
39.45,4
39.46,4
39.47,3
39.48,3
39.49,1
39.5,3
39.51,5
39.52,8
39.53,3
39.54,6
39.55,1
39.56,4
39.57,2
39.58,3
39.59,3
39.6,2
39.61,3
39.62,6
39.63,6
39.64,3
39.65,5
39.66,3
39.67,2
39.68,5
39.69,1
39.7,5
39.71,2
39.72,4
39.73,3
39.74,2
39.75,3
39.76,4
39.77,5
39.78,7
39.79,5
39.8,3
39.81,5
39.82,2
39.83,2
39.84,5
39.85,5
39.86,3
39.87,3
39.88,5
39.89,4
39.9,4
39.91,2
39.92,5
39.93,0
39.94,1
39.95,5
39.96,6
39.97,1
39.98,1
39.99,1
40,3
40.01,5
40.02,2
40.03,4
40.04,1
40.05,4
40.06,5
40.07,4
40.08,4
40.09,5
40.1,5
40.11,2
40.12,5
40.13,9
40.14,2
40.15,6
40.16,3
40.17,3
40.18,6
40.19,1
40.2,3
40.21,4
40.22,9
40.23,3
40.24,2
40.25,4
40.26,5
40.27,7
40.28,2
40.29,6
40.3,3
40.31,2
40.32,2
40.33,3
40.34,3
40.35,6
40.36,5
40.37,3
40.38,3
40.39,3
40.4,3
40.41,3
40.42,3
40.43,6
40.44,3
40.45,8
40.46,3
40.47,6
40.48,1
40.49,5
40.5,5
40.51,5
40.52,2
40.53,1
40.54,4
40.55,6
40.56,5
40.57,1
40.58,4
40.59,5
40.6,4
40.61,5
40.62,3
40.63,1
40.64,2
40.65,5
40.66,4
40.67,3
40.68,7
40.69,1
40.7,5
40.71,7
40.72,2
40.73,3
40.74,5
40.75,4
40.76,8
40.77,4
40.78,8
40.79,2
40.8,2
40.81,2
40.82,4
40.83,4
40.84,3
40.85,3
40.86,3
40.87,3
40.88,5
40.89,4
40.9,4
40.91,4
40.92,1
40.93,2
40.94,5
40.95,4
40.96,6
40.97,4
40.98,1
40.99,3
41,6
41.01,7
41.02,1
41.03,3
41.04,5
41.05,3
41.06,6
41.07,3
41.08,4
41.09,1
41.1,1
41.11,3
41.12,5
41.13,4
41.14,2
41.15,3
41.16,4
41.17,6
41.18,2
41.19,2
41.2,1
41.21,3
41.22,5
41.23,2
41.24,5
41.25,5
41.26,4
41.27,1
41.28,0
41.29,0
41.3,1
41.31,3
41.32,1
41.33,1
41.34,5
41.35,5
41.36,5
41.37,0
41.38,3
41.39,3
41.4,3
41.41,4
41.42,5
41.43,3
41.44,2
41.45,6
41.46,3
41.47,2
41.48,7
41.49,4
41.5,6
41.51,3
41.52,3
41.53,4
41.54,3
41.55,4
41.56,3
41.57,3
41.58,3
41.59,4
41.6,4
41.61,5
41.62,1
41.63,3
41.64,4
41.65,2
41.66,4
41.67,6
41.68,7
41.69,5
41.7,4
41.71,3
41.72,2
41.73,3
41.74,10
41.75,6
41.76,3
41.77,4
41.78,7
41.79,5
41.8,1
41.81,2
41.82,2
41.83,4
41.84,1
41.85,3
41.86,2
41.87,3
41.88,3
41.89,6
41.9,2
41.91,3
41.92,4
41.93,2
41.94,4
41.95,4
41.96,2
41.97,1
41.98,2
41.99,8
42,4
42.01,3
42.02,2
42.03,10
42.04,5
42.05,3
42.06,7
42.07,4
42.08,4
42.09,2
42.1,4
42.11,6
42.12,5
42.13,3
42.14,7
42.15,1
42.16,2
42.17,3
42.18,3
42.19,5
42.2,3
42.21,4
42.22,1
42.23,4
42.24,5
42.25,3
42.26,3
42.27,5
42.28,4
42.29,1
42.3,5
42.31,6
42.32,6
42.33,4
42.34,5
42.35,4
42.36,3
42.37,2
42.38,2
42.39,6
42.4,8
42.41,6
42.42,8
42.43,10
42.44,7
42.45,5
42.46,4
42.47,7
42.48,8
42.49,9
42.5,9
42.51,3
42.52,4
42.53,5
42.54,5
42.55,5
42.56,5
42.57,3
42.58,4
42.59,0
42.6,4
42.61,5
42.62,2
42.63,3
42.64,1
42.65,3
42.66,3
42.67,4
42.68,4
42.69,2
42.7,3
42.71,6
42.72,4
42.73,4
42.74,2
42.75,3
42.76,4
42.77,3
42.78,3
42.79,3
42.8,2
42.81,6
42.82,6
42.83,6
42.84,7
42.85,6
42.86,3
42.87,4
42.88,2
42.89,6
42.9,5
42.91,2
42.92,1
42.93,1
42.94,3
42.95,1
42.96,5
42.97,3
42.98,4
42.99,1
43,7
43.01,4
43.02,7
43.03,4
43.04,6
43.05,5
43.06,1
43.07,3
43.08,3
43.09,2
43.1,1
43.11,1
43.12,0
43.13,3
43.14,1
43.15,3
43.16,5
43.17,4
43.18,3
43.19,2
43.2,2
43.21,5
43.22,4
43.23,4
43.24,9
43.25,5
43.26,5
43.27,4
43.28,3
43.29,2
43.3,4
43.31,3
43.32,7
43.33,7
43.34,4
43.35,4
43.36,4
43.37,2
43.38,2
43.39,3
43.4,3
43.41,3
43.42,6
43.43,4
43.44,0
43.45,3
43.46,6
43.47,3
43.48,6
43.49,2
43.5,3
43.51,1
43.52,4
43.53,3
43.54,3
43.55,3
43.56,1
43.57,1
43.58,4
43.59,2
43.6,3
43.61,2
43.62,4
43.63,4
43.64,1
43.65,3
43.66,7
43.67,9
43.68,4
43.69,4
43.7,5
43.71,1
43.72,4
43.73,2
43.74,3
43.75,5
43.76,4
43.77,4
43.78,4
43.79,3
43.8,2
43.81,4
43.82,2
43.83,2
43.84,4
43.85,1
43.86,1
43.87,2
43.88,2
43.89,0
43.9,7
43.91,3
43.92,5
43.93,4
43.94,5
43.95,0
43.96,2
43.97,3
43.98,3
43.99,6
44,3
44.01,4
44.02,8
44.03,1
44.04,5
44.05,3
44.06,7
44.07,5
44.08,4
44.09,5
44.1,3
44.11,2
44.12,2
44.13,6
44.14,4
44.15,5
44.16,1
44.17,5
44.18,2
44.19,2
44.2,4
44.21,5
44.22,4
44.23,3
44.24,4
44.25,4
44.26,4
44.27,4
44.28,5
44.29,5
44.3,2
44.31,3
44.32,3
44.33,7
44.34,3
44.35,6
44.36,3
44.37,4
44.38,6
44.39,5
44.4,5
44.41,6
44.42,4
44.43,3
44.44,6
44.45,3
44.46,7
44.47,5
44.48,1
44.49,4
44.5,4
44.51,1
44.52,5
44.53,3
44.54,2
44.55,2
44.56,6
44.57,3
44.58,6
44.59,4
44.6,2
44.61,8
44.62,6
44.63,4
44.64,5
44.65,8
44.66,3
44.67,4
44.68,5
44.69,5
44.7,3
44.71,2
44.72,3
44.73,5
44.74,5
44.75,3
44.76,2
44.77,4
44.78,7
44.79,4
44.8,4
44.81,3
44.82,7
44.83,4
44.84,3
44.85,7
44.86,4
44.87,8
44.88,1
44.89,4
44.9,4
44.91,4
44.92,4
44.93,8
44.94,6
44.95,5
44.96,5
44.97,2
44.98,1
44.99,4
45,4
45.01,3
45.02,5
45.03,6
45.04,9
45.05,7
45.06,9
45.07,7
45.08,8
45.09,5
45.1,6
45.11,8
45.12,4
45.13,7
45.14,10
45.15,4
45.16,2
45.17,6
45.18,9
45.19,4
45.2,6
45.21,5
45.22,6
45.23,3
45.24,4
45.25,1
45.26,6
45.27,2
45.28,3
45.29,5
45.3,3
45.31,3
45.32,2
45.33,6
45.34,5
45.35,7
45.36,4
45.37,3
45.38,4
45.39,2
45.4,2
45.41,4
45.42,4
45.43,4
45.44,7
45.45,5
45.46,3
45.47,9
45.48,5
45.49,5
45.5,7
45.51,4
45.52,3
45.53,7
45.54,11
45.55,10
45.56,13
45.57,10
45.58,3
45.59,3
45.6,6
45.61,7
45.62,6
45.63,5
45.64,8
45.65,8
45.66,4
45.67,9
45.68,7
45.69,4
45.7,3
45.71,8
45.72,2
45.73,6
45.74,7
45.75,8
45.76,7
45.77,8
45.78,5
45.79,10
45.8,5
45.81,2
45.82,7
45.83,6
45.84,4
45.85,7
45.86,6
45.87,4
45.88,6
45.89,5
45.9,10
45.91,6
45.92,9
45.93,6
45.94,12
45.95,8
45.96,9
45.97,4
45.98,9
45.99,9
46,15
46.01,6
46.02,10
46.03,10
46.04,9
46.05,12
46.06,10
46.07,5
46.08,6
46.09,6
46.1,5
46.11,15
46.12,5
46.13,8
46.14,6
46.15,7
46.16,9
46.17,8
46.18,9
46.19,6
46.2,11
46.21,5
46.22,8
46.23,9
46.24,11
46.25,7
46.26,3
46.27,8
46.28,10
46.29,6
46.3,9
46.31,10
46.32,9
46.33,8
46.34,10
46.35,10
46.36,16
46.37,8
46.38,11
46.39,11
46.4,14
46.41,11
46.42,11
46.43,15
46.44,8
46.45,15
46.46,9
46.47,13
46.48,10
46.49,7
46.5,5
46.51,14
46.52,13
46.53,11
46.54,10
46.55,12
46.56,9
46.57,9
46.58,22
46.59,7
46.6,13
46.61,8
46.62,11
46.63,10
46.64,9
46.65,8
46.66,17
46.67,16
46.68,17
46.69,11
46.7,11
46.71,11
46.72,13
46.73,14
46.74,8
46.75,16
46.76,21
46.77,19
46.78,24
46.79,13
46.8,19
46.81,20
46.82,15
46.83,24
46.84,26
46.85,27
46.86,26
46.87,25
46.88,26
46.89,24
46.9,26
46.91,26
46.92,28
46.93,31
46.94,34
46.95,38
46.96,39
46.97,42
46.98,50
46.99,50
47,54
47.01,53
47.02,55
47.03,62
47.04,65
47.05,70
47.06,67
47.07,81
47.08,95
47.09,82
47.1,104
47.11,100
47.12,146
47.13,162
47.14,170
47.15,218
47.16,301
47.17,345
47.18,439
47.19,546
47.2,716
47.21,939
47.22,1171
47.23,1485
47.24,1929
47.25,2278
47.26,2453
47.27,2240
47.28,1744
47.29,1326
47.3,922
47.31,697
47.32,633
47.33,612
47.34,689
47.35,755
47.36,901
47.37,1090
47.38,1198
47.39,1168
47.4,1021
47.41,732
47.42,503
47.43,367
47.44,253
47.45,201
47.46,159
47.47,117
47.48,97
47.49,100
47.5,63
47.51,77
47.52,60
47.53,55
47.54,48
47.55,55
47.56,33
47.57,41
47.58,32
47.59,41
47.6,38
47.61,35
47.62,34
47.63,32
47.64,37
47.65,27
47.66,26
47.67,30
47.68,22
47.69,22
47.7,22
47.71,14
47.72,24
47.73,15
47.74,16
47.75,12
47.76,18
47.77,18
47.78,14
47.79,11
47.8,17
47.81,11
47.82,20
47.83,15
47.84,10
47.85,13
47.86,10
47.87,14
47.88,14
47.89,15
47.9,18
47.91,11
47.92,14
47.93,12
47.94,7
47.95,10
47.96,9
47.97,12
47.98,14
47.99,16
48,11
48.01,8
48.02,14
48.03,13
48.04,9
48.05,13
48.06,7
48.07,8
48.08,8
48.09,6
48.1,10
48.11,12
48.12,10
48.13,10
48.14,12
48.15,10
48.16,8
48.17,2
48.18,5
48.19,6
48.2,6
48.21,14
48.22,12
48.23,7
48.24,7
48.25,9
48.26,6
48.27,7
48.28,7
48.29,10
48.3,10
48.31,9
48.32,5
48.33,6
48.34,11
48.35,7
48.36,5
48.37,14
48.38,8
48.39,3
48.4,4
48.41,6
48.42,4
48.43,11
48.44,7
48.45,4
48.46,8
48.47,4
48.48,4
48.49,6
48.5,8
48.51,7
48.52,3
48.53,5
48.54,4
48.55,5
48.56,6
48.57,8
48.58,5
48.59,7
48.6,7
48.61,5
48.62,7
48.63,7
48.64,12
48.65,13
48.66,8
48.67,13
48.68,8
48.69,9
48.7,3
48.71,4
48.72,2
48.73,4
48.74,8
48.75,2
48.76,8
48.77,3
48.78,7
48.79,4
48.8,3
48.81,2
48.82,4
48.83,5
48.84,6
48.85,3
48.86,6
48.87,5
48.88,4
48.89,5
48.9,8
48.91,10
48.92,3
48.93,8
48.94,2
48.95,6
48.96,1
48.97,7
48.98,9
48.99,7
49,4
49.01,9
49.02,9
49.03,4
49.04,2
49.05,1
49.06,5
49.07,6
49.08,7
49.09,3
49.1,5
49.11,5
49.12,3
49.13,5
49.14,5
49.15,8
49.16,2
49.17,5
49.18,1
49.19,4
49.2,6
49.21,5
49.22,8
49.23,7
49.24,3
49.25,7
49.26,6
49.27,3
49.28,9
49.29,4
49.3,3
49.31,5
49.32,8
49.33,6
49.34,8
49.35,4
49.36,4
49.37,5
49.38,3
49.39,4
49.4,7
49.41,8
49.42,5
49.43,2
49.44,5
49.45,4
49.46,7
49.47,5
49.48,4
49.49,4
49.5,6
49.51,7
49.52,2
49.53,2
49.54,5
49.55,3
49.56,5
49.57,5
49.58,3
49.59,4
49.6,5
49.61,3
49.62,3
49.63,8
49.64,2
49.65,4
49.66,3
49.67,6
49.68,3
49.69,7
49.7,4
49.71,5
49.72,4
49.73,7
49.74,2
49.75,5
49.76,4
49.77,4
49.78,4
49.79,9
49.8,4
49.81,2
49.82,2
49.83,6
49.84,2
49.85,2
49.86,3
49.87,3
49.88,3
49.89,1
49.9,2
49.91,3
49.92,7
49.93,6
49.94,6
49.95,7
49.96,2
49.97,5
49.98,2
49.99,3
50,5
50.01,10
50.02,2
50.03,5
50.04,5
50.05,3
50.06,10
50.07,3
50.08,7
50.09,7
50.1,6
50.11,7
50.12,4
50.13,4
50.14,5
50.15,3
50.16,6
50.17,4
50.18,2
50.19,5
50.2,7
50.21,8
50.22,5
50.23,4
50.24,5
50.25,6
50.26,8
50.27,7
50.28,5
50.29,8
50.3,7
50.31,3
50.32,9
50.33,6
50.34,7
50.35,7
50.36,4
50.37,3
50.38,3
50.39,4
50.4,5
50.41,4
50.42,2
50.43,5
50.44,3
50.45,2
50.46,4
50.47,2
50.48,4
50.49,6
50.5,7
50.51,1
50.52,7
50.53,6
50.54,4
50.55,1
50.56,4
50.57,3
50.58,1
50.59,6
50.6,4
50.61,10
50.62,4
50.63,4
50.64,3
50.65,2
50.66,5
50.67,2
50.68,3
50.69,2
50.7,5
50.71,1
50.72,6
50.73,1
50.74,5
50.75,4
50.76,3
50.77,2
50.78,6
50.79,8
50.8,8
50.81,3
50.82,2
50.83,4
50.84,1
50.85,2
50.86,3
50.87,4
50.88,2
50.89,2
50.9,1
50.91,2
50.92,7
50.93,2
50.94,3
50.95,3
50.96,7
50.97,2
50.98,3
50.99,7
51,4
51.01,2
51.02,7
51.03,4
51.04,5
51.05,3
51.06,0
51.07,3
51.08,6
51.09,5
51.1,1
51.11,2
51.12,2
51.13,3
51.14,2
51.15,1
51.16,3
51.17,5
51.18,4
51.19,9
51.2,5
51.21,5
51.22,6
51.23,1
51.24,2
51.25,5
51.26,3
51.27,2
51.28,5
51.29,2
51.3,1
51.31,4
51.32,6
51.33,1
51.34,2
51.35,1
51.36,1
51.37,4
51.38,6
51.39,3
51.4,6
51.41,2
51.42,1
51.43,1
51.44,3
51.45,1
51.46,7
51.47,4
51.48,4
51.49,0
51.5,1
51.51,3
51.52,6
51.53,2
51.54,3
51.55,4
51.56,5
51.57,5
51.58,7
51.59,5
51.6,4
51.61,6
51.62,4
51.63,1
51.64,2
51.65,5
51.66,4
51.67,3
51.68,3
51.69,8
51.7,4
51.71,4
51.72,4
51.73,2
51.74,2
51.75,5
51.76,7
51.77,2
51.78,3
51.79,4
51.8,1
51.81,3
51.82,5
51.83,5
51.84,3
51.85,3
51.86,4
51.87,7
51.88,10
51.89,8
51.9,3
51.91,6
51.92,4
51.93,7
51.94,5
51.95,2
51.96,4
51.97,3
51.98,7
51.99,2
52,3
52.01,5
52.02,6
52.03,4
52.04,5
52.05,7
52.06,2
52.07,5
52.08,3
52.09,4
52.1,2
52.11,3
52.12,3
52.13,7
52.14,2
52.15,2
52.16,5
52.17,7
52.18,4
52.19,4
52.2,4
52.21,5
52.22,3
52.23,6
52.24,4
52.25,7
52.26,2
52.27,1
52.28,5
52.29,2
52.3,3
52.31,5
52.32,4
52.33,4
52.34,5
52.35,4
52.36,4
52.37,5
52.38,3
52.39,2
52.4,4
52.41,4
52.42,3
52.43,0
52.44,3
52.45,3
52.46,4
52.47,2
52.48,3
52.49,2
52.5,5
52.51,7
52.52,5
52.53,6
52.54,6
52.55,3
52.56,6
52.57,4
52.58,2
52.59,6
52.6,4
52.61,5
52.62,7
52.63,5
52.64,4
52.65,10
52.66,5
52.67,6
52.68,2
52.69,3
52.7,4
52.71,1
52.72,5
52.73,3
52.74,4
52.75,0
52.76,2
52.77,3
52.78,7
52.79,2
52.8,3
52.81,2
52.82,4
52.83,7
52.84,5
52.85,6
52.86,4
52.87,4
52.88,2
52.89,8
52.9,8
52.91,4
52.92,2
52.93,8
52.94,3
52.95,3
52.96,4
52.97,0
52.98,5
52.99,5
53,2
53.01,2
53.02,5
53.03,5
53.04,2
53.05,4
53.06,6
53.07,6
53.08,2
53.09,7
53.1,4
53.11,4
53.12,5
53.13,5
53.14,5
53.15,0
53.16,0
53.17,5
53.18,4
53.19,6
53.2,4
53.21,4
53.22,3
53.23,4
53.24,1
53.25,5
53.26,1
53.27,5
53.28,2
53.29,1
53.3,3
53.31,3
53.32,6
53.33,8
53.34,3
53.35,5
53.36,2
53.37,4
53.38,3
53.39,5
53.4,2
53.41,3
53.42,4
53.43,4
53.44,5
53.45,4
53.46,4
53.47,4
53.48,5
53.49,4
53.5,2
53.51,3
53.52,1
53.53,7
53.54,2
53.55,3
53.56,7
53.57,9
53.58,6
53.59,5
53.6,2
53.61,7
53.62,5
53.63,6
53.64,5
53.65,4
53.66,2
53.67,5
53.68,1
53.69,4
53.7,3
53.71,5
53.72,6
53.73,3
53.74,4
53.75,5
53.76,6
53.77,7
53.78,5
53.79,2
53.8,5
53.81,1
53.82,2
53.83,4
53.84,7
53.85,2
53.86,1
53.87,3
53.88,2
53.89,5
53.9,3
53.91,6
53.92,4
53.93,4
53.94,3
53.95,2
53.96,2
53.97,4
53.98,7
53.99,4
54,8
54.01,3
54.02,3
54.03,4
54.04,4
54.05,2
54.06,4
54.07,2
54.08,4
54.09,6
54.1,5
54.11,9
54.12,3
54.13,5
54.14,6
54.15,2
54.16,4
54.17,5
54.18,4
54.19,3
54.2,5
54.21,6
54.22,3
54.23,4
54.24,6
54.25,4
54.26,1
54.27,2
54.28,6
54.29,4
54.3,6
54.31,10
54.32,4
54.33,4
54.34,7
54.35,6
54.36,10
54.37,6
54.38,10
54.39,11
54.4,4
54.41,2
54.42,6
54.43,3
54.44,3
54.45,8
54.46,5
54.47,4
54.48,5
54.49,6
54.5,8
54.51,3
54.52,2
54.53,6
54.54,6
54.55,7
54.56,6
54.57,5
54.58,4
54.59,10
54.6,9
54.61,3
54.62,5
54.63,2
54.64,4
54.65,8
54.66,5
54.67,6
54.68,3
54.69,3
54.7,3
54.71,4
54.72,2
54.73,7
54.74,5
54.75,6
54.76,10
54.77,10
54.78,4
54.79,8
54.8,8
54.81,8
54.82,5
54.83,3
54.84,3
54.85,7
54.86,6
54.87,11
54.88,8
54.89,8
54.9,7
54.91,7
54.92,3
54.93,7
54.94,8
54.95,5
54.96,7
54.97,8
54.98,6
54.99,6
55,10
55.01,4
55.02,10
55.03,5
55.04,7
55.05,5
55.06,5
55.07,6
55.08,5
55.09,13
55.1,6
55.11,5
55.12,8
55.13,13
55.14,9
55.15,9
55.16,6
55.17,10
55.18,9
55.19,6
55.2,10
55.21,8
55.22,8
55.23,6
55.24,4
55.25,11
55.26,7
55.27,4
55.28,6
55.29,8
55.3,14
55.31,7
55.32,7
55.33,7
55.34,9
55.35,11
55.36,7
55.37,6
55.38,11
55.39,14
55.4,14
55.41,10
55.42,12
55.43,10
55.44,9
55.45,7
55.46,10
55.47,5
55.48,7
55.49,11
55.5,14
55.51,8
55.52,12
55.53,14
55.54,15
55.55,8
55.56,11
55.57,13
55.58,11
55.59,9
55.6,14
55.61,5
55.62,14
55.63,10
55.64,8
55.65,14
55.66,8
55.67,14
55.68,18
55.69,16
55.7,20
55.71,17
55.72,16
55.73,18
55.74,22
55.75,23
55.76,20
55.77,23
55.78,27
55.79,31
55.8,37
55.81,33
55.82,38
55.83,37
55.84,32
55.85,45
55.86,54
55.87,47
55.88,41
55.89,53
55.9,65
55.91,80
55.92,59
55.93,88
55.94,88
55.95,96
55.96,144
55.97,176
55.98,168
55.99,206
56,269
56.01,331
56.02,406
56.03,517
56.04,663
56.05,833
56.06,1023
56.07,1204
56.08,1204
56.09,1185
56.1,901
56.11,699
56.12,535
56.13,433
56.14,316
56.15,302
56.16,269
56.17,292
56.18,333
56.19,359
56.2,440
56.21,500
56.22,543
56.23,617
56.24,597
56.25,503
56.26,370
56.27,266
56.28,213
56.29,184
56.3,126
56.31,107
56.32,102
56.33,69
56.34,56
56.35,65
56.36,44
56.37,38
56.38,36
56.39,40
56.4,28
56.41,28
56.42,30
56.43,33
56.44,22
56.45,22
56.46,22
56.47,22
56.48,18
56.49,18
56.5,23
56.51,16
56.52,13
56.53,26
56.54,16
56.55,10
56.56,6
56.57,13
56.58,14
56.59,10
56.6,8
56.61,13
56.62,11
56.63,10
56.64,4
56.65,8
56.66,8
56.67,17
56.68,9
56.69,11
56.7,3
56.71,4
56.72,15
56.73,8
56.74,13
56.75,8
56.76,4
56.77,8
56.78,8
56.79,5
56.8,9
56.81,12
56.82,8
56.83,6
56.84,9
56.85,7
56.86,9
56.87,12
56.88,5
56.89,4
56.9,7
56.91,9
56.92,11
56.93,9
56.94,8
56.95,3
56.96,2
56.97,3
56.98,4
56.99,9
57,3
57.01,6
57.02,7
57.03,3
57.04,3
57.05,8
57.06,4
57.07,5
57.08,3
57.09,7
57.1,3
57.11,4
57.12,9
57.13,4
57.14,8
57.15,5
57.16,4
57.17,9
57.18,5
57.19,4
57.2,9
57.21,6
57.22,2
57.23,7
57.24,4
57.25,5
57.26,8
57.27,7
57.28,6
57.29,4
57.3,6
57.31,6
57.32,6
57.33,3
57.34,3
57.35,2
57.36,2
57.37,6
57.38,5
57.39,0
57.4,2
57.41,4
57.42,6
57.43,6
57.44,4
57.45,2
57.46,1
57.47,1
57.48,7
57.49,5
57.5,2
57.51,8
57.52,4
57.53,4
57.54,7
57.55,4
57.56,1
57.57,6
57.58,1
57.59,1
57.6,4
57.61,5
57.62,3
57.63,3
57.64,3
57.65,1
57.66,2
57.67,4
57.68,2
57.69,6
57.7,5
57.71,4
57.72,7
57.73,2
57.74,3
57.75,3
57.76,2
57.77,2
57.78,7
57.79,4
57.8,3
57.81,3
57.82,1
57.83,3
57.84,2
57.85,2
57.86,1
57.87,7
57.88,4
57.89,2
57.9,3
57.91,3
57.92,7
57.93,2
57.94,5
57.95,4
57.96,4
57.97,5
57.98,3
57.99,2
58,5
58.01,3
58.02,3
58.03,2
58.04,2
58.05,3
58.06,4
58.07,4
58.08,3
58.09,2
58.1,2
58.11,3
58.12,2
58.13,3
58.14,7
58.15,1
58.16,1
58.17,2
58.18,1
58.19,0
58.2,6
58.21,4
58.22,2
58.23,2
58.24,3
58.25,2
58.26,5
58.27,1
58.28,6
58.29,3
58.3,2
58.31,5
58.32,2
58.33,1
58.34,2
58.35,4
58.36,3
58.37,2
58.38,3
58.39,6
58.4,1
58.41,4
58.42,5
58.43,3
58.44,3
58.45,2
58.46,3
58.47,4
58.48,0
58.49,0
58.5,2
58.51,3
58.52,2
58.53,0
58.54,4
58.55,5
58.56,2
58.57,6
58.58,3
58.59,5
58.6,6
58.61,6
58.62,4
58.63,4
58.64,5
58.65,3
58.66,1
58.67,1
58.68,2
58.69,1
58.7,3
58.71,1
58.72,1
58.73,3
58.74,3
58.75,3
58.76,4
58.77,3
58.78,0
58.79,4
58.8,3
58.81,3
58.82,5
58.83,3
58.84,2
58.85,3
58.86,3
58.87,1
58.88,2
58.89,4
58.9,5
58.91,6
58.92,6
58.93,4
58.94,5
58.95,3
58.96,2
58.97,4
58.98,3
58.99,1
59,2
59.01,3
59.02,5
59.03,3
59.04,3
59.05,2
59.06,2
59.07,1
59.08,3
59.09,0
59.1,3
59.11,3
59.12,3
59.13,2
59.14,1
59.15,4
59.16,3
59.17,4
59.18,1
59.19,4
59.2,2
59.21,2
59.22,3
59.23,4
59.24,7
59.25,3
59.26,1
59.27,2
59.28,3
59.29,2
59.3,5
59.31,6
59.32,2
59.33,7
59.34,2
59.35,2
59.36,7
59.37,2
59.38,3
59.39,1
59.4,1
59.41,4
59.42,2
59.43,2
59.44,2
59.45,6
59.46,1
59.47,2
59.48,1
59.49,4
59.5,1
59.51,0
59.52,3
59.53,4
59.54,5
59.55,2
59.56,4
59.57,1
59.58,1
59.59,5
59.6,4
59.61,3
59.62,5
59.63,5
59.64,5
59.65,6
59.66,3
59.67,1
59.68,5
59.69,5
59.7,2
59.71,1
59.72,3
59.73,4
59.74,2
59.75,4
59.76,4
59.77,2
59.78,2
59.79,3
59.8,2
59.81,1
59.82,1
59.83,2
59.84,3
59.85,3
59.86,3
59.87,2
59.88,4
59.89,5
59.9,2
59.91,3
59.92,2
59.93,2
59.94,4
59.95,6
59.96,4
59.97,2
59.98,1
59.99,3
60,2
